City_ID,City,Lat,Lng,Max Temp,Humidity,Cloudiness,Wind Speed,Country,Date
0,beyneu,45.3167,55.2,62.11,50,100,10.2,KZ,1743652625
1,papatowai,-46.5619,169.4708,66.76,70,95,10.54,NZ,1743652627
2,albany,42.6001,-73.9662,36.52,92,100,3.0,US,1743652628
3,bethel,41.3712,-73.414,42.01,86,100,3.0,US,1743652629
4,siwa oasis,29.2041,25.5195,61.84,47,0,7.14,EG,1743652630
5,ribeira grande,38.5167,-28.7,58.77,83,62,14.0,PT,1743652631
6,chui,-33.6971,-53.4616,61.21,89,9,4.63,UY,1743652632
7,cockburn town,21.4612,-71.1419,77.2,84,0,25.26,TC,1743652633
8,grytviken,-54.2811,-36.5092,38.62,87,100,12.97,GS,1743652635
9,solnechnyy,50.7214,136.6319,38.43,90,74,3.09,RU,1743652636
10,at-bashi,41.1702,75.8106,41.49,38,0,2.15,KG,1743652637
11,atafu village,-8.5421,-172.5159,84.4,74,100,11.03,TK,1743652638
12,weno,7.4515,151.8468,80.55,89,100,6.91,FM,1743652639
13,puerto natales,-51.7236,-72.4875,32.94,83,4,2.44,CL,1743652640
14,kiskunhalas,46.434,19.4848,47.26,79,99,9.37,HU,1743652642
15,kavieng,-2.5744,150.7967,82.29,72,62,4.99,PG,1743652643
16,adamstown,-25.066,-130.1015,76.55,80,25,15.12,PN,1743652644
17,tiksi,71.6872,128.8694,-1.16,99,100,7.67,RU,1743652645
18,blackmans bay,-43.0167,147.3167,64.53,53,67,10.45,AU,1743652646
19,jamestown,42.097,-79.2353,52.02,83,40,16.11,US,1743652564
20,ilulissat,69.2167,-51.1,8.62,56,59,11.5,GL,1743652648
21,isafjordur,66.0755,-23.124,27.73,79,100,7.83,IS,1743652650
22,smithers,54.7804,-127.1743,48.52,31,20,6.91,CA,1743652651
23,east london,-33.0153,27.9116,59.94,94,75,1.14,ZA,1743652652
24,ushuaia,-54.8,-68.3,35.26,80,100,17.27,AR,1743652567
25,waitangi,-43.9535,-176.5597,60.82,95,31,5.99,NZ,1743652654
26,bilibino,68.0546,166.4372,18.25,86,100,4.27,RU,1743652657
27,tazovsky,67.4667,78.7,1.47,96,93,7.18,RU,1743652658
28,prince rupert,54.3161,-130.3201,44.69,82,0,14.97,CA,1743652422
29,thompson,55.7435,-97.8558,28.56,100,100,4.61,CA,1743652660
30,volya,51.7651,39.5404,42.89,89,100,7.54,RU,1743652661
31,coquimbo,-29.9533,-71.3436,62.33,94,0,10.36,CL,1743652662
32,labytnangi,66.6572,66.4183,10.04,92,72,13.35,RU,1743652664
33,whangarei,-35.7317,174.3239,63.14,96,100,11.01,NZ,1743652665
34,labrador city,52.9463,-66.9114,-0.49,60,0,2.3,CA,1743652666
35,yellowknife,62.456,-114.3525,10.92,56,20,9.22,CA,1743652667
36,west island,-12.1568,96.8225,84.18,84,100,11.5,CC,1743652668
37,port-aux-francais,-49.35,70.2167,47.93,97,100,38.9,TF,1743652669
38,stanley,54.868,-1.6985,40.24,94,0,4.45,GB,1743652670
39,nova sintra,14.8667,-24.7167,71.47,78,76,15.08,CV,1743652672
40,hawaiian paradise park,19.5933,-154.9731,78.31,73,75,13.8,US,1743652673
41,whitehorse,60.7161,-135.0538,43.57,42,20,5.75,CA,1743652674
42,lompoc,34.6391,-120.4579,52.52,76,75,18.41,US,1743652675
43,pangani,-5.4333,38.9667,75.99,87,68,8.21,TZ,1743652676
44,margaret river,-33.95,115.0667,74.05,45,100,3.38,AU,1743652677
45,carutapera,-1.195,-46.02,75.4,95,39,4.07,BR,1743652678
46,escarcega,18.6089,-90.7454,81.12,61,5,10.36,MX,1743652680
47,hamilton,39.1834,-84.5333,76.05,75,75,19.57,US,1743652681
48,kargasok,59.0556,80.8572,36.19,99,100,18.03,RU,1743652682
49,vicam,27.6333,-110.2833,61.48,47,35,6.02,MX,1743652683
50,luderitz,-26.6481,15.1594,63.68,78,0,4.81,NA,1743652684
51,georgetown,5.4112,100.3354,89.53,66,20,5.99,MY,1743652685
52,olonkinbyen,70.9221,-8.7187,21.47,69,100,32.14,SJ,1743652686
53,los alamos,35.8881,-106.307,37.18,36,0,6.91,US,1743652687
54,sokhumi,43.0033,41.0153,55.71,90,100,3.65,GE,1743652689
55,enewetak,11.3474,162.3373,80.62,75,100,23.47,MH,1743652690
56,avarua,-21.2078,-159.775,80.65,74,75,9.22,CK,1743652691
57,tolanaro,-25.0319,46.9987,74.19,89,1,4.0,MG,1743652692
58,kapuskasing,49.4169,-82.4331,24.89,100,100,19.57,CA,1743652693
59,tchaourou,8.8865,2.5975,75.43,87,97,3.2,BJ,1743652696
60,grand gaube,-20.0064,57.6608,79.38,83,99,1.99,MU,1743652697
61,skeldon,5.8833,-57.1333,75.45,94,63,8.23,GY,1743652698
62,chany,55.3121,76.7647,40.01,88,100,18.84,RU,1743652699
63,kodiak,57.79,-152.4072,44.11,81,0,4.61,US,1743652700
64,port elizabeth,-33.918,25.5701,58.32,99,20,2.3,ZA,1743652701
65,qaqortoq,60.7167,-46.0333,26.26,64,72,15.23,GL,1743652703
66,alvinopolis,-20.1067,-43.0489,70.61,89,27,2.57,BR,1743652704
67,tateyama,34.9833,139.8667,50.22,88,100,14.74,JP,1743652705
68,bungu,-7.6337,39.0582,72.75,99,100,3.4,TZ,1743652706
69,colares,38.7992,-9.4469,58.89,78,70,13.71,PT,1743652707
70,nar'yan-mar,67.6713,53.087,4.57,95,49,5.03,RU,1743652708
71,punta arenas,-53.15,-70.9167,35.71,69,40,11.5,CL,1743652534
72,cabo san lucas,22.8909,-109.9124,66.76,53,1,13.0,MX,1743652415
73,masterton,-40.9597,175.6575,71.31,41,100,6.78,NZ,1743652712
74,edinburgh of the seven seas,-37.0676,-12.3116,63.59,97,100,14.5,SH,1743652713
75,dhidhdhoo,6.8833,73.1,82.74,69,56,3.67,MV,1743652714
76,okhotsk,59.3833,143.3,26.02,84,100,6.55,RU,1743652715
77,chonchi,-42.6128,-73.8092,41.13,94,1,2.3,CL,1743652716
78,st. john's,47.5649,-52.7093,26.98,65,75,33.38,CA,1743652719
79,wailua homesteads,22.0669,-159.378,79.59,81,0,17.27,US,1743652720
80,shiyan,32.6475,110.7781,70.92,28,0,4.23,CN,1743652721
81,spring creek,40.7266,-115.5859,31.69,83,34,4.47,US,1743652722
82,talnakh,69.4865,88.3972,-1.19,95,99,9.08,RU,1743652724
83,college,64.8569,-147.8028,37.38,85,100,6.91,US,1743652725
84,hermanus,-34.4187,19.2345,62.8,81,0,15.5,ZA,1743652727
85,al burayqah,30.4062,19.5739,59.14,65,1,7.99,LY,1743652728
86,bamboo flat,11.7,92.7167,89.69,66,40,8.05,IN,1743652729
87,badger,64.8,-147.5333,37.65,88,100,6.91,US,1743652730
88,ilam,26.9167,87.9167,82.51,17,2,6.73,NP,1743652731
89,iqaluit,63.7506,-68.5145,-15.07,70,0,13.8,CA,1743652732
90,gazli,40.1333,63.45,70.88,20,5,10.02,UZ,1743652733
91,mont-tremblant,46.1949,-74.6264,25.59,49,100,13.73,CA,1743652658
92,constantia,44.1833,28.65,47.08,82,100,10.92,RO,1743652439
93,vilyuchinsk,52.9306,158.4028,41.27,91,23,5.77,RU,1743652737
94,tindouf,27.6711,-8.1474,55.85,71,0,8.05,DZ,1743652706
95,tsengel,49.4783,100.8894,36.54,20,6,16.28,MN,1743652739
96,pursat,12.3333,103.6667,85.03,53,96,2.53,KH,1743652740
97,remire-montjoly,4.9167,-52.2667,78.84,94,75,8.05,GF,1743652742
98,mizdah,31.4451,12.9801,56.53,55,85,11.56,LY,1743652743
99,invercargill,-46.4,168.35,72.01,70,99,8.01,NZ,1743652496
100,kavaratti,10.5669,72.642,83.64,70,53,4.92,IN,1743652745
101,utrik,11.2278,169.8474,79.99,73,89,20.33,MH,1743652746
102,novyy urengoy,66.0833,76.6333,9.7,92,20,15.05,RU,1743652747
103,bredasdorp,-34.5322,20.0403,60.98,80,0,12.77,ZA,1743652748
104,timaru,-44.4,171.25,68.07,77,44,8.01,NZ,1743652750
105,ciudad lazaro cardenas,17.9583,-102.2,72.55,81,71,2.93,MX,1743652751
106,abadiania,-16.2042,-48.7069,72.52,79,9,1.63,BR,1743652752
107,san antonio de pale,-1.4014,5.6325,81.16,80,100,1.41,GQ,1743652753
108,chibougamau,49.9168,-74.3659,20.82,53,100,12.66,CA,1743652754
109,wasaga beach,44.5168,-80.0164,34.09,96,100,20.69,CA,1743652755
110,mocimboa,-11.3167,40.35,76.3,93,100,5.59,MZ,1743652758
111,narimanov,46.6927,47.8498,60.84,56,100,9.13,RU,1743652759
112,takoradi,4.8845,-1.7554,79.95,81,100,5.68,GH,1743652760
113,senador jose porfirio,-2.5908,-51.9542,73.6,98,100,2.3,BR,1743652761
114,pangody,65.85,74.4859,12.83,89,62,17.56,RU,1743652763
115,aykhal,66.0,111.5,5.59,88,100,17.43,RU,1743652764
116,san pedro pochutla,15.7333,-96.4667,76.71,69,7,4.41,MX,1743652765
117,san ignacio rio muerto,27.4167,-110.2333,61.32,52,27,7.58,MX,1743652766
118,aldinga beach,-35.2793,138.4604,68.67,59,98,13.24,AU,1743652767
119,geraldton,-28.7667,114.6,97.21,12,55,27.63,AU,1743652516
120,malango,-2.9627,119.9001,84.99,54,45,2.17,ID,1743652769
121,sarikei,2.1167,111.5167,86.97,62,78,0.94,MY,1743652771
122,hammerfest,70.6634,23.6821,37.85,75,100,8.05,NO,1743652772
123,hilo,19.7297,-155.09,76.23,87,60,8.75,US,1743652773
124,tvoroyri,61.5556,-6.8111,44.19,61,42,13.24,FO,1743652774
125,vadso,70.0744,29.7487,30.36,86,40,3.44,NO,1743652775
126,porto torres,40.835,8.3972,46.58,69,29,4.85,IT,1743652776
127,port lincoln,-34.7333,135.8667,62.65,59,97,16.62,AU,1743652777
128,tsiombe,-25.3,45.4833,72.75,93,20,3.94,MG,1743652778
129,saint francis,35.0168,-90.7668,69.6,89,100,23.24,US,1743652780
130,markovo,57.3206,107.0881,25.61,66,100,8.34,RU,1743652781
131,port mathurin,-19.6833,63.4167,79.83,67,44,12.17,MU,1743652782
132,marechal deodoro,-9.7103,-35.895,76.41,85,100,3.8,BR,1743652783
133,rio grande,-32.035,-52.0986,68.43,93,100,6.85,BR,1743652784
134,port alfred,-33.5906,26.891,62.46,79,0,1.86,ZA,1743652785
135,kadnikov,59.5022,40.338,36.19,81,85,10.16,RU,1743652786
136,fayetteville,35.0527,-78.8784,72.12,85,100,10.36,US,1743652570
137,altai,46.3722,96.2583,29.39,37,14,6.24,MN,1743652789
138,sabirabad,40.0095,48.4752,61.7,69,56,13.85,AZ,1743652790
139,uturoa,-16.7333,-151.4333,82.83,76,17,11.86,PF,1743652791
140,dudinka,69.4058,86.1778,1.96,94,99,9.53,RU,1743652792
141,petropavlovsk-kamchatsky,53.0452,158.6483,39.79,38,20,6.71,RU,1743652544
142,launceston,-41.45,147.1667,69.44,40,100,5.75,AU,1743652794
143,fale old settlement,-9.3852,-171.2468,84.34,73,82,8.7,TK,1743652796
144,puerto ayora,-0.7393,-90.3518,76.55,100,100,3.31,EC,1743652797
145,joniskis,56.2403,23.6153,39.25,89,65,6.4,LT,1743652799
146,trelew,-43.249,-65.3051,43.07,81,75,14.97,AR,1743652578
147,liuli,-11.0833,34.6333,74.66,83,100,3.38,TZ,1743652802
148,port augusta,-32.5,137.7667,73.63,47,49,13.94,AU,1743652518
149,mahina,-17.5065,-149.489,85.77,66,0,11.5,PF,1743652804
150,karatau,43.1667,70.4667,58.14,47,73,4.21,KZ,1743652805
151,kapshagay,43.8833,77.0833,54.41,57,0,10.04,KZ,1743652806
152,bafoulabe,13.8065,-10.8321,88.18,20,81,1.81,ML,1743652808
153,alaghsas,17.0187,8.0168,72.0,8,32,10.58,NE,1743652809
154,acarau,-2.8856,-40.12,75.87,90,76,7.18,BR,1743652813
155,jalal-abad,40.9333,73.0,60.73,39,58,3.0,KG,1743652814
156,crucecita,-28.95,-58.9833,65.03,96,100,1.95,AR,1743652815
157,howrah,22.5892,88.3103,86.0,74,40,4.61,IN,1743652816
158,karaton,-6.3424,106.1045,83.41,76,100,0.56,ID,1743652817
159,argo,37.6333,22.7333,53.08,82,35,2.37,GR,1743652819
160,longyearbyen,78.2186,15.6401,1.24,60,20,12.66,SJ,1743652591
161,codrington,-38.2667,141.9667,62.02,69,98,16.49,AU,1743652821
162,kapa'a,22.0752,-159.319,77.47,81,81,1.83,US,1743652822
163,udachny,66.4167,112.4,8.49,83,100,17.25,RU,1743652823
164,eyl,7.9803,49.8164,78.49,70,31,10.16,SO,1743652824
165,pelabuhanratu,-6.9875,106.5514,83.16,75,80,2.59,ID,1743652825
166,karamay,45.6004,84.8661,49.05,47,5,9.75,CN,1743652827
167,ta`u,-14.2336,-169.5144,83.35,73,100,5.21,AS,1743652828
168,bulgan,48.8125,103.5347,31.19,69,100,8.16,MN,1743652829
169,el calafate,-50.3408,-72.2768,37.13,67,6,4.38,AR,1743652830
170,kourou,5.1552,-52.6478,75.61,94,100,8.1,GF,1743652831
171,susuman,62.7833,148.1667,18.07,80,100,7.74,RU,1743652833
172,haiku-pauwela,20.9219,-156.3051,78.82,67,20,8.99,US,1743652834
173,alofi,-19.0595,-169.9187,75.09,94,38,2.3,NU,1743652835
174,saipan,15.1355,145.701,88.5,62,40,12.66,MP,1743652836
175,bonthe,7.5264,-12.505,78.49,85,85,5.91,SL,1743652838
176,srpska crnja,45.7233,20.6886,44.98,95,100,7.23,RS,1743652839
177,kirakira,-10.4544,161.9205,84.83,78,100,6.82,SB,1743652840
178,sechura,-5.5569,-80.8222,76.51,69,95,11.86,PE,1743652841
179,melfort,52.8667,-104.6177,19.53,68,50,5.75,CA,1743652842
180,margate,51.3813,1.3862,48.69,79,7,1.01,GB,1743652843
181,dunedin,-45.8742,170.5036,63.23,81,15,18.32,NZ,1743652844
182,mount pearl,47.5166,-52.7813,26.15,67,75,33.38,CA,1743652846
183,kotlas,61.2611,46.6556,34.74,89,100,12.64,RU,1743652847
184,ust-nera,64.5667,143.2,22.3,89,100,6.76,RU,1743652848
185,severo-yeniseyskiy,60.3725,93.0408,22.48,86,100,9.55,RU,1743652849
186,zastron,-30.3023,27.084,53.26,76,82,3.65,ZA,1743652850
187,san andres,12.5847,-81.7006,76.96,80,96,15.01,CO,1743652748
188,teofilo otoni,-17.8575,-41.5053,67.14,98,5,2.57,BR,1743652854
189,vorgashor,67.5833,63.95,4.73,91,12,5.84,RU,1743652855
190,riverton,40.5219,-111.9391,39.34,69,100,5.75,US,1743652856
191,aconibe,1.2968,10.9369,68.97,97,100,1.72,GQ,1743652857
192,fort st. john,56.2499,-120.8529,30.09,40,40,5.75,CA,1743652859
193,tura,25.5198,90.2201,91.15,28,15,6.93,IN,1743652861
194,saldanha,-33.0117,17.9442,61.12,73,0,8.28,ZA,1743652862
195,lazaro cardenas,17.9583,-102.2,72.55,81,71,2.93,MX,1743652863
196,papao,-17.75,-149.55,85.68,73,13,8.28,PF,1743652864
197,taunggyi,20.7833,97.0333,87.98,22,50,5.08,MM,1743652865
198,holualoa,19.6228,-155.9522,76.55,62,100,10.29,US,1743652866
199,alvear,-29.0968,-56.5504,66.58,97,99,1.97,AR,1743652868
200,badiyah,22.45,58.8,84.51,11,0,5.73,OM,1743652743
201,broken hill,-31.95,141.4333,73.33,30,0,14.0,AU,1743652681
202,floro,61.5996,5.0328,42.76,93,40,4.61,NO,1743652871
203,kshenskiy,51.8408,37.7136,44.24,85,100,8.81,RU,1743652872
204,ghadamis,30.1337,9.5007,71.69,18,38,12.44,LY,1743652873
205,golfito,8.639,-83.166,72.86,86,100,2.33,CR,1743652874
206,ugoofaaru,5.6667,73.0,82.6,66,13,1.57,MV,1743652877
207,ancud,-41.8697,-73.8203,43.34,87,0,6.96,CL,1743652584
208,vorkuta,67.5,64.0,4.77,91,12,5.12,RU,1743652879
209,lubumbashi,-11.6609,27.4794,59.97,99,26,4.03,CD,1743652880
210,tommot,58.9564,126.2925,30.7,90,100,10.29,RU,1743652882
211,glace bay,46.1969,-59.957,25.14,73,20,13.8,CA,1743652883
212,vila velha,-20.3297,-40.2925,75.15,100,20,2.3,BR,1743652676
213,qamdo,31.1667,97.2333,40.91,44,100,9.33,CN,1743652885
214,clevelandia,-26.3958,-52.4708,66.2,99,90,1.36,BR,1743652887
215,gifford,27.6753,-80.4092,78.04,88,40,10.36,US,1743652888
216,taro,-8.3862,115.28,84.4,54,50,4.16,ID,1743652889
217,kingston,17.997,-76.7936,79.75,69,20,6.91,JM,1743652835
218,ciudad acuna,29.3232,-100.9522,86.58,53,0,16.11,MX,1743652891
219,bathsheba,13.2167,-59.5167,79.41,73,40,18.41,BB,1743652892
220,turpan,42.9333,89.1667,64.98,22,100,7.54,CN,1743652893
221,hailey,43.5196,-114.3153,30.76,73,68,6.06,US,1743652801
222,kailua-kona,19.6406,-155.9956,80.28,63,100,3.0,US,1743652864
223,luganville,-15.5333,167.1667,84.79,74,56,6.22,VU,1743652899
224,klaksvik,62.2266,-6.589,42.55,64,59,12.17,FO,1743652900
225,cockermouth,54.6621,-3.3609,41.41,92,0,7.0,GB,1743652901
226,flying fish cove,-10.4217,105.6791,85.68,79,75,11.5,CX,1743652902
227,nemuro,43.3236,145.575,33.89,88,98,21.14,JP,1743652621
228,mount gambier,-37.8333,140.7667,61.11,55,89,11.95,AU,1743652904
229,barra do corda,-5.5,-45.25,70.9,96,3,2.17,BR,1743652906
230,imperatriz,-5.5264,-47.4917,72.23,97,15,2.08,BR,1743652882
231,guanica,17.9716,-66.908,76.86,84,1,6.71,PR,1743652829
232,rongelap,11.1635,166.8941,80.17,73,100,22.41,MH,1743652909
233,anadyr,64.75,177.4833,16.3,67,0,6.71,RU,1743652910
234,san antonio,29.4241,-98.4936,80.71,81,75,16.11,US,1743652660
235,quellon,-43.1167,-73.6167,45.07,87,3,4.88,CL,1743652869
236,taber,49.8167,-112.1518,31.24,90,100,4.29,CA,1743652810
237,alotau,-10.3069,150.4462,90.16,56,45,6.31,PG,1743652915
238,lorengau,-2.0226,147.2712,83.77,73,73,8.95,PG,1743652916
239,moreira sales,-24.0622,-53.0069,74.44,81,99,4.23,BR,1743652917
240,ghat,24.9647,10.1728,68.94,8,4,5.77,LY,1743652918
241,senillosa,-39.0,-68.4167,58.78,48,1,16.44,AR,1743652919
242,cartagena,10.3997,-75.5144,82.02,78,0,8.05,CO,1743652794
243,saudarkrokur,65.7461,-19.6394,27.01,82,84,12.64,IS,1743652922
244,puerto baquerizo moreno,-0.9,-89.6,79.47,79,100,3.87,EC,1743652924
245,luang prabang,19.8856,102.1347,76.96,50,20,4.61,LA,1743652925
246,vallensbaek,55.6333,12.3667,42.76,87,10,2.3,DK,1743652927
247,new martinsville,39.6445,-80.8576,69.1,72,95,18.99,US,1743652929
248,kruisfontein,-34.0033,24.7314,54.86,86,0,3.38,ZA,1743652930
249,taoudenni,22.6783,-3.9836,80.83,20,87,6.02,ML,1743652931
250,saint-pierre,-21.3393,55.4781,78.48,73,0,4.61,RE,1743652932
251,taksimo,56.3444,114.8794,31.21,53,100,7.85,RU,1743652933
252,newnham,-41.3833,147.1333,68.95,40,100,5.75,AU,1743652934
253,karratha,-20.7377,116.8463,90.63,44,87,5.79,AU,1743652936
254,cozumel,20.5083,-86.9458,79.95,83,0,15.01,MX,1743652937
255,adam,22.3756,57.5233,81.68,19,0,1.79,OM,1743652892
256,fayzabad,37.1166,70.58,53.04,36,100,3.42,AF,1743652939
257,manaure,11.7751,-72.4445,82.6,71,80,19.48,CO,1743652940
258,katabu,-4.9333,122.5167,85.69,71,67,4.34,ID,1743652942
259,zharkent,44.1628,80.0,56.34,45,7,10.07,KZ,1743652902
260,ondangwa,-17.9167,15.95,68.0,88,99,3.44,NA,1743652944
261,burang,30.25,81.1667,24.53,42,0,3.51,CN,1743652945
262,reggane,26.7158,0.1714,69.58,11,47,6.53,DZ,1743652743
263,cruzeiro do sul,-29.5128,-51.9853,71.53,97,97,2.68,BR,1743652948
264,pecanha,-18.5486,-42.5569,68.18,90,10,3.31,BR,1743652949
265,ataq,14.5377,46.8319,71.44,45,18,2.39,YE,1743652950
266,richards bay,-28.783,32.0377,70.34,90,100,4.65,ZA,1743652952
267,lautoka,-17.6167,177.4667,84.06,74,40,0.0,FJ,1743652953
268,al jawf,29.5,38.75,60.01,41,24,10.56,SA,1743652954
269,puerto aysen,-45.4,-72.7,42.15,95,85,1.3,CL,1743652955
270,klyuchi,52.2667,79.1667,45.91,50,77,15.64,RU,1743652957
271,karapinar,37.716,33.5506,44.53,77,37,5.35,TR,1743652958
272,coahuayana de hidalgo,18.7,-103.6583,68.68,88,100,3.31,MX,1743652959
273,carloforte,39.145,8.3058,47.01,83,5,10.22,IT,1743652960
274,lebu,-37.6167,-73.65,52.61,88,75,2.39,CL,1743652961
275,mejit,10.2753,170.8646,80.44,75,86,20.11,MH,1743652962
276,obudu,6.6674,9.1716,73.96,87,84,2.28,NG,1743652964
277,salalah,17.0151,54.0924,78.89,41,0,0.0,OM,1743652965
278,colonia,50.9333,6.95,53.26,61,0,6.91,DE,1743652806
279,al kharijah,25.4514,30.5464,63.27,26,0,7.2,EG,1743652967
280,tanjung pandan,-2.75,107.65,83.37,74,78,4.7,ID,1743652968
281,puerto lleras,3.0223,-73.4044,71.01,99,100,1.23,CO,1743652969
282,greenville,35.6127,-77.3663,67.14,93,100,5.75,US,1743652832
283,colonel hill,22.7667,-74.2167,77.09,83,0,25.26,BS,1743652971
284,palmer,42.1584,-72.3287,37.92,77,100,3.44,US,1743652716
285,manado,1.487,124.8455,88.57,70,40,4.61,ID,1743652974
286,port arthur,38.8,121.2667,57.42,66,4,8.77,CN,1743652974
287,juuka,63.2333,29.25,36.36,99,97,3.42,FI,1743652976
288,iskateley,67.6803,53.1512,4.39,95,49,4.97,RU,1743652977
289,kenai,60.5544,-151.2583,44.69,66,0,0.0,US,1743652978
290,doka,13.5167,35.7667,85.96,22,20,3.0,SD,1743652981
291,gering,41.8258,-103.6605,39.18,64,0,4.61,US,1743652982
292,brookings,44.3114,-96.7984,31.05,96,100,18.41,US,1743652695
293,vetluga,57.8557,45.781,37.26,86,43,10.22,RU,1743652984
294,imbituba,-28.24,-48.6703,78.78,94,97,6.91,BR,1743652838
295,serdobsk,52.4586,44.2169,46.36,84,100,9.4,RU,1743652986
296,taroudant,30.4703,-8.877,56.5,79,0,7.09,MA,1743652988
297,meraux,29.933,-89.9498,79.0,78,75,23.02,US,1743652989
298,caleta de carquin,-11.0925,-77.6267,70.0,82,100,7.94,PE,1743652990
299,villa elisa,-25.3667,-57.6167,72.64,89,0,0.0,PY,1743652991
300,podstrana,43.4833,16.5833,49.03,75,5,7.54,HR,1743652992
301,saint-felicien,48.6501,-72.4491,21.88,63,100,5.75,CA,1743652983
302,conel,6.2022,125.1872,90.18,55,40,3.44,PH,1743652994
303,korsakov,46.6328,142.7813,39.04,72,100,11.63,RU,1743652996
304,velikiy novgorod,58.5167,31.2833,44.13,79,98,3.27,RU,1743652997
305,tazacorte,28.629,-17.9293,63.57,91,100,6.91,ES,1743652998
306,la passe,45.5549,-0.8967,51.06,89,100,17.98,FR,1743652999
307,okha,53.5739,142.9478,33.71,99,87,6.11,RU,1743653000
308,sitka,57.0531,-135.33,44.49,70,0,3.44,US,1743653003
309,ati,13.2154,18.3353,77.47,11,99,10.11,TD,1743653004
310,selfoss,63.9331,-20.9971,36.05,82,100,3.94,IS,1743653005
311,rolla,37.9514,-91.7713,59.07,58,0,10.36,US,1743652929
312,vangaindrano,-23.35,47.6,74.5,89,28,4.5,MG,1743653007
313,zhigalovo,54.8097,105.1578,28.62,60,80,9.17,RU,1743653009
314,campo verde,-20.4167,-54.0667,74.55,78,98,2.57,BR,1743653010
315,essaouira,31.5125,-9.77,60.3,88,75,5.75,MA,1743653011
316,novyy urgal,51.0736,132.5642,38.35,70,30,1.21,RU,1743653012
317,rethymno,35.3647,24.4714,65.75,87,13,3.83,GR,1743652883
318,aasiaat,68.7098,-52.8699,-6.27,100,82,5.88,GL,1743653014
319,dolneni,41.4253,21.4547,46.13,86,100,2.1,MK,1743653015
320,chiredzi,-21.05,31.6667,66.42,86,36,4.27,ZW,1743652884
321,carnarvon,-24.8667,113.6333,82.47,70,21,10.76,AU,1743653019
322,roma,43.2128,-75.4557,38.66,94,100,12.66,US,1743653020
323,gizo,-8.103,156.8419,85.23,69,77,2.37,SB,1743653022
324,vallenar,-28.5708,-70.7581,69.22,44,0,2.1,CL,1743652812
325,osakarovka,50.565,72.5692,40.96,70,52,14.54,KZ,1743653024
326,keflavik,64.0049,-22.5624,36.03,100,100,6.91,IS,1743653025
327,cadale,2.7603,46.3222,83.52,73,27,12.28,SO,1743653026
328,gamba,-2.65,10.0,75.92,95,74,6.93,GA,1743653028
329,glendive,47.1053,-104.7125,31.62,74,0,4.61,US,1743652859
330,homer,59.6425,-151.5483,49.89,38,0,6.91,US,1743653030
331,greymouth,-42.4667,171.2,58.95,95,100,8.99,NZ,1743653031
332,rasra,25.85,83.85,94.98,5,7,6.06,IN,1743653032
333,nushki,29.5542,66.0215,73.96,16,9,2.3,PK,1743653033
334,hasaki,35.7333,140.8333,49.93,83,100,18.54,JP,1743653034
335,presidente medici,-11.1753,-61.9014,72.28,97,63,2.37,BR,1743653035
336,kerikeri,-35.2268,173.9474,66.9,95,100,12.95,NZ,1743653037
337,belyy yar,53.6039,91.3903,33.69,80,0,4.47,RU,1743653038
338,rangapara,26.8167,92.65,91.72,22,8,5.77,IN,1743653039
339,fortuna,40.5982,-124.1573,47.98,85,40,9.22,US,1743653040
340,salinopolis,-0.6136,-47.3561,79.07,85,45,7.16,BR,1743653041
341,undurkhaan,47.3194,110.6556,48.81,30,62,9.71,MN,1743653042
342,nha trang,12.25,109.1833,80.6,70,100,8.68,VN,1743653044
343,umluj,25.0213,37.2685,73.26,67,3,9.28,SA,1743652886
344,tocopilla,-22.092,-70.1979,69.3,81,100,4.7,CL,1743653046
345,barcelos,41.5388,-8.6151,46.33,91,37,5.1,PT,1743653047
346,taulaga,-11.0553,-171.0883,84.31,72,62,6.22,AS,1743653048
347,kuanda,56.3161,116.0806,31.6,70,100,9.26,RU,1743653049
348,cannonvale,-20.2833,148.7,81.79,80,62,11.97,AU,1743653050
349,pandan,14.0453,124.1694,83.48,69,100,11.77,PH,1743653051
350,tataouine,32.9297,10.4518,55.49,90,39,14.94,TN,1743653053
351,alo,6.5486,4.2686,79.21,84,100,1.79,NG,1743653054
352,lerwick,60.1545,-1.1494,45.73,81,0,3.98,GB,1743653055
353,yushu,44.8,126.5333,53.08,29,1,5.32,CN,1743653056
354,kegen,43.0197,79.2203,40.15,52,18,3.8,KZ,1743653057
355,sao joao da barra,-21.6403,-41.0511,77.54,88,6,12.08,BR,1743652810
356,east ballina,-28.8667,153.5833,68.99,95,100,11.36,AU,1743652980
357,sinabang,2.4803,96.3801,83.35,75,100,3.38,ID,1743653061
358,guane,22.2025,-84.0875,76.48,86,0,7.47,CU,1743653062
359,santa ana,33.7456,-117.8678,56.88,73,40,5.75,US,1743652959
360,palm bay,28.0345,-80.5887,78.08,86,75,12.66,US,1743652888
361,qingyuan,23.7,113.0333,78.4,36,0,0.94,CN,1743653066
362,los andes,-32.8337,-70.5983,59.31,34,2,2.21,CL,1743653067
363,jumla,29.2747,82.1838,58.98,14,3,4.32,NP,1743653068
364,kalmunai,7.4167,81.8167,81.21,78,100,1.16,LK,1743653069
365,san luis de la loma,17.2706,-100.8939,73.94,78,4,4.65,MX,1743653070
366,okondja,-0.6549,13.6753,70.59,99,52,1.41,GA,1743653071
367,cairo,30.0626,31.2497,63.36,63,0,6.91,EG,1743652801
368,hadibu,12.65,54.0333,79.14,71,17,3.67,YE,1743653074
369,el granada,37.5027,-122.4694,51.62,80,100,23.02,US,1743653075
370,lindi,-10.0,39.7167,74.07,96,99,3.44,TZ,1743653076
371,zemio,5.0314,25.1361,69.62,92,59,2.01,CF,1743653077
372,bo phloi,14.3236,99.5161,91.2,48,79,8.41,TH,1743653078
373,revda,56.801,59.9303,36.05,99,100,3.78,RU,1743653079
374,pauini,-7.7136,-66.9764,73.72,99,100,1.92,BR,1743653080
375,banjar,-8.19,114.9675,88.02,63,39,4.59,ID,1743653082
376,zhezqazghan,47.7833,67.7667,45.18,61,0,11.18,KZ,1743653083
377,lihue,21.9789,-159.3672,78.39,61,0,14.97,US,1743653085
378,khandyga,62.6667,135.6,33.15,100,100,12.26,RU,1743653086
379,ankang,32.68,109.0172,71.04,38,41,1.66,CN,1743653087
380,sao joao do piaui,-8.3581,-42.2467,75.87,59,74,4.16,BR,1743653089
381,oyem,1.5995,11.5793,69.4,98,100,1.12,GA,1743653090
382,lepsy,46.235,78.9456,47.1,42,0,9.42,KZ,1743653091
383,arambol,15.6868,73.7045,86.72,61,10,6.49,IN,1743653092
384,waingapu,-9.6567,120.2641,85.1,57,63,5.82,ID,1743653093
385,novoarkhanhel's'k,48.658,30.8182,48.06,90,100,12.48,UA,1743653094
386,nago,26.5881,127.9761,64.74,50,54,9.62,JP,1743653095
387,mananara,-16.1667,49.7667,77.68,86,56,5.3,MG,1743653097
388,alice springs,-23.7,133.8833,76.55,47,9,14.97,AU,1743653098
389,altamont,42.2068,-121.7372,35.44,78,75,8.05,US,1743653099
390,shingu,33.7333,135.9833,63.03,38,15,4.94,JP,1743653100
391,kiunga,-6.1219,141.2906,93.69,49,96,2.68,PG,1743653101
392,happy valley-goose bay,53.3168,-60.3315,7.11,61,0,8.05,CA,1743652949
393,malvan,16.0667,73.4667,85.08,70,4,7.27,IN,1743653103
394,hithadhoo,-0.6,73.0833,83.41,73,20,7.23,MV,1743653104
395,antsiranana,-12.2787,49.2917,75.96,83,20,6.91,MG,1743653106
396,fort bragg,35.139,-79.006,71.44,86,100,5.75,US,1743653107
397,touros,-5.1989,-35.4608,76.26,87,35,6.44,BR,1743653108
398,aguilar de campoo,42.7945,-4.2589,42.93,88,100,10.71,ES,1743653109
399,mata-utu,-13.2816,-176.1745,84.69,72,75,10.27,WF,1743653110
400,cobh,51.8572,-8.2992,47.19,75,20,9.22,IE,1743653111
401,mammoth lakes,37.6485,-118.9721,24.35,59,100,4.61,US,1743653112
402,hampton bays,40.869,-72.5176,44.64,87,100,18.01,US,1743652911
403,loushanguan,28.1375,106.82,64.0,41,28,7.05,CN,1743653115
404,iskushuban,10.2837,50.23,72.12,82,6,4.68,SO,1743653116
405,ishim,56.1128,69.4902,47.61,72,100,15.46,RU,1743653117
406,san patricio,28.017,-97.5169,75.15,90,22,17.36,US,1743653118
407,la romana,18.4273,-68.9728,73.76,94,40,9.22,DO,1743653112
408,bereznik,62.8551,42.7072,32.95,86,97,10.69,RU,1743653120
409,gaigeturi,33.4644,126.3183,51.85,54,40,6.91,KR,1743653122
410,barguzin,53.6167,109.6167,30.61,65,100,9.26,RU,1743653123
411,tucuma,-0.1833,-50.05,76.05,92,99,4.47,BR,1743652886
412,nayoro,44.3506,142.4578,36.61,73,100,8.7,JP,1743653125
413,kone,-21.0595,164.8658,84.97,66,99,1.95,NC,1743653126
414,porto novo,6.4965,2.6036,80.42,80,100,2.24,BJ,1743653128
415,saynshand,44.8824,110.1163,52.66,20,43,18.5,MN,1743653130
416,timimoun,29.2639,0.231,59.38,21,0,4.61,DZ,1743653131
417,guajara mirim,-10.7828,-65.3394,73.92,91,97,1.23,BR,1743653132
418,mahanoro,-19.9,48.8,76.82,85,33,1.12,MG,1743653135
419,price,39.5994,-110.8107,34.86,75,100,8.05,US,1743653007
420,nueva esperanza,15.2667,-87.6,79.32,80,27,3.0,HN,1743653137
421,al muwayh,22.4333,41.7583,76.86,39,1,1.86,SA,1743653138
422,villaguay,-31.8653,-59.0269,60.26,64,0,5.1,AR,1743653139
423,horsham,51.064,-0.3272,47.8,59,48,11.65,GB,1743653140
424,korla,41.7597,86.1469,57.63,22,89,9.06,CN,1743653066
425,pimentel,-6.8367,-79.9342,71.89,83,0,14.97,PE,1743653143
426,bratsk,56.1325,101.6142,27.09,55,89,8.84,RU,1743653144
427,tangalle,6.024,80.7911,77.7,89,100,4.38,LK,1743653145
428,kamiiso,41.8167,140.65,44.98,70,75,5.75,JP,1743653146
429,minas de marcona,-15.2119,-75.1103,61.97,83,82,9.33,PE,1743652914
430,thunder bay,48.4001,-89.3168,30.18,100,100,18.41,CA,1743653149
431,olinda,-8.0089,-34.8553,82.13,74,40,8.05,BR,1743653150
432,noumea,-22.2763,166.4572,81.57,71,59,8.37,NC,1743653057
433,khanty-mansiysk,61.0042,69.0019,35.71,100,100,4.47,RU,1743653152
434,usogorsk,63.4106,48.6872,31.46,93,98,6.62,RU,1743653153
435,ujae,8.9322,165.7642,81.52,77,95,23.02,MH,1743653154
436,cafayate,-26.073,-65.9761,62.33,71,90,1.74,AR,1743653156
437,illizi,26.4833,8.4667,73.69,10,7,7.29,DZ,1743653157
438,afaahiti,-17.75,-149.2833,80.13,75,21,10.09,PF,1743653158
439,praia da vitoria,38.7333,-27.0667,59.25,82,75,22.7,PT,1743653159
440,pisco,-13.7,-76.2167,69.85,73,0,3.44,PE,1743652892
441,nova olinda do norte,-3.8881,-59.0942,74.5,99,89,1.52,BR,1743653161
442,otra banda,18.6502,-68.6628,73.2,85,2,14.38,DO,1743652922
443,nguigmi,14.2495,13.1092,74.91,15,77,10.96,NE,1743653164
444,detroit lakes,46.8172,-95.8453,30.25,100,100,11.5,US,1743652920
445,aljezur,37.3191,-8.8033,51.22,89,87,6.64,PT,1743653166
446,portland,45.5234,-122.6762,46.62,92,20,0.0,US,1743653002
447,freetown,8.484,-13.2299,77.65,84,91,5.91,SL,1743653168
448,bandarbeyla,9.4942,50.8122,79.34,69,6,9.42,SO,1743653169
449,umm ruwaba,12.9061,31.2158,78.71,20,2,9.62,SD,1743653171
450,queenstown,-31.8976,26.8753,53.96,94,90,2.1,ZA,1743653040
451,nouadhibou,20.931,-17.0347,64.38,88,100,9.22,MR,1743653015
452,tupa,-21.9347,-50.5136,75.92,69,57,6.04,BR,1743653174
453,puerto lempira,15.2667,-83.7667,76.69,86,7,8.57,HN,1743653175
454,manokwari,-0.8667,134.0833,83.39,70,96,8.75,ID,1743653176
455,nogliki,51.8333,143.1667,36.59,89,99,5.1,RU,1743653177
456,mezhdurechenskiy,59.6,65.9333,37.22,99,100,1.97,RU,1743653179
457,kill devil hills,36.0307,-75.676,64.42,82,0,10.36,US,1743653180
458,tabou,4.423,-7.3528,77.79,91,94,5.26,CI,1743653181
459,polyarnyy,69.1989,33.4478,26.64,95,86,7.7,RU,1743652884
460,tebingtinggi,3.3285,99.1625,80.55,90,100,0.4,ID,1743653184
461,borogontsy,62.6683,131.1683,29.41,98,100,12.97,RU,1743653185
462,long beach,33.767,-118.1892,56.32,80,40,9.22,US,1743653189
463,mancio lima,-7.6142,-72.8958,72.79,100,100,0.58,BR,1743653191
464,kasimov,54.9411,41.3953,39.25,82,74,8.03,RU,1743653192
465,balqash,46.8481,74.995,45.19,61,0,13.42,KZ,1743653193
466,qandala,11.472,49.8728,79.16,59,7,5.48,SO,1743653195
467,brigantine,39.4101,-74.3646,48.4,90,100,17.0,US,1743653197
468,akwanga,8.9167,8.3833,73.69,77,100,2.37,NG,1743653198
469,kodinsk,58.6881,99.1844,26.65,65,99,7.36,RU,1743653199
470,tosontsengel,48.7567,98.2839,19.31,84,88,5.1,MN,1743653200
471,ust'-kulom,61.6864,53.6902,31.6,94,100,3.76,RU,1743653201
472,parabel',58.6978,81.4825,35.65,98,100,19.39,RU,1743653203
473,tahe,52.3333,124.7333,48.02,44,95,6.98,CN,1743653204
474,island harbour,50.724,-1.2758,48.02,79,74,1.99,GB,1743653205
475,rio gallegos,-51.6226,-69.2181,32.05,80,0,10.36,AR,1743652985
476,sturgis,41.7992,-85.4192,62.62,94,40,18.41,US,1743652974
477,bera,24.0833,89.6167,91.89,35,47,6.73,BD,1743653209
478,neryungri,56.6709,124.6491,33.6,98,100,6.82,RU,1743653210
479,crane,31.3974,-102.3501,68.63,18,100,9.51,US,1743653211
480,pemalang,-6.9,109.3667,86.38,74,74,3.71,ID,1743653212
481,pacific grove,36.6177,-121.9166,51.91,81,100,11.99,US,1743653213
482,bardai,11.65,7.2333,73.96,19,87,7.18,NG,1743653214
483,ranau,5.9538,116.6641,83.43,57,69,4.99,MY,1743653216
484,kidal,18.4411,1.4078,77.07,7,1,8.66,ML,1743653217
485,conception bay south,47.4999,-52.9981,26.74,67,89,19.17,CA,1743653070
486,hirara,24.8,125.2833,68.32,55,23,14.74,JP,1743653219
487,sao lourenco do sul,-31.3653,-51.9783,68.05,95,100,5.32,BR,1743653220
488,neiafu,-18.65,-173.9833,81.28,89,75,5.75,TO,1743653221
489,kismayo,-0.3582,42.5454,82.99,77,19,10.13,SO,1743653222
490,xilin hot,43.9667,116.0333,55.09,17,100,18.34,CN,1743653223
491,kupang,-10.1667,123.5833,90.18,55,40,10.36,ID,1743653225
492,kingscliff,-28.2667,153.5667,76.8,78,100,10.36,AU,1743653226
493,berezniki,59.4152,56.8124,33.64,99,100,5.28,RU,1743653227
494,sho'rchi,38.0141,67.7899,67.48,34,100,2.46,UZ,1743653228
495,agbabu,6.5886,4.8343,75.56,92,100,0.94,NG,1743653229
496,hovd,48.0056,91.6419,38.01,38,29,3.38,MN,1743653231
497,enniscorthy,52.5008,-6.5578,47.48,98,6,10.58,IE,1743653232
498,awjilah,29.1081,21.2869,57.92,53,0,8.03,LY,1743653233
499,lawrenceburg,38.0373,-84.8966,76.89,70,75,20.71,US,1743653234
500,igarka,67.4667,86.5833,2.88,92,98,4.23,RU,1743653235
501,choibalsan,48.0667,114.5,57.36,21,100,12.15,MN,1743653236
502,sao tome,0.3365,6.7273,80.74,81,100,1.74,ST,1743653238
503,sao francisco,-15.9486,-44.8644,77.0,46,41,4.65,BR,1743653239
504,san blas,21.5167,-105.2667,69.12,85,69,3.67,MX,1743653240
505,pont rouge,48.8833,-72.0825,17.91,85,100,7.72,CA,1743653241
506,magnitogorsk,53.4186,59.0472,45.43,100,75,6.71,RU,1743653065
507,bodaybo,57.8506,114.1933,25.02,67,99,11.48,RU,1743653245
508,ouahigouya,13.5828,-2.4216,79.68,7,96,10.07,BF,1743653246
509,develi,38.3906,35.4922,41.52,90,94,2.73,TR,1743653088
510,bodo,67.28,14.405,46.44,82,75,32.21,NO,1743653248
511,valparaiso,-33.0393,-71.6273,66.15,51,2,11.59,CL,1743653100
512,ngorongoro,-3.2397,35.4875,51.42,96,16,3.33,TZ,1743653250
513,issia,6.4922,-6.5856,74.79,90,100,3.02,CI,1743653251
514,jiuquan,39.7432,98.5174,48.22,26,0,3.6,CN,1743653253
515,ar rass,25.8694,43.4973,78.93,29,85,10.51,SA,1743653254
516,tobol,52.6844,62.5794,51.51,69,100,18.61,KZ,1743653255
517,ayancik,41.9447,34.5861,51.71,97,99,13.6,TR,1743653256
518,la ronge,55.1001,-105.2842,21.45,63,75,4.61,CA,1743652983
519,villa hernandarias,-31.231,-59.985,62.11,64,0,5.59,AR,1743653259
520,sulak,43.2734,47.5146,53.83,80,88,35.25,RU,1743653260
521,ilha de mocambique,-15.0342,40.7358,78.19,89,71,9.93,MZ,1743653261
522,inari,68.906,27.0288,34.03,85,100,7.92,FI,1743653262
523,brisas de zicatela,15.8369,-97.0419,77.97,67,6,6.96,MX,1743653264
524,anna regina,7.2644,-58.5077,77.79,83,69,10.42,GY,1743653265
525,valdosta,30.8327,-83.2785,73.02,89,0,0.0,US,1743653171
526,sharm el-sheikh,27.8518,34.305,71.87,40,36,3.38,EG,1743653125
527,kangavar,34.5043,47.9653,55.18,70,100,2.86,IR,1743653269
528,kayan,16.9056,96.5631,95.59,32,4,5.41,MM,1743653270
529,namibe,-15.1961,12.1522,74.32,81,59,4.97,AO,1743653216
530,kayangel,8.0823,134.7173,83.93,72,70,15.75,PW,1743653272
531,mirnyy,62.5353,113.9611,18.05,77,93,12.17,RU,1743653273
532,tartagal,-22.5164,-63.8013,57.94,81,64,3.31,AR,1743653274
533,kousseri,12.0769,15.0306,78.64,11,84,6.78,CM,1743653276
534,raduzhny,62.0961,77.475,32.52,100,100,3.58,RU,1743653277
535,broome,42.2506,-75.833,43.7,78,100,18.99,US,1743653278
536,port douglas,-16.4833,145.4667,82.45,84,99,5.73,AU,1743653279
537,pizhou,34.3114,117.9503,63.55,32,81,9.62,CN,1743653280
538,zhangye,38.9342,100.4517,52.45,19,3,15.26,CN,1743653281
539,caiuti-sat,46.1833,26.9333,47.12,87,100,7.09,RO,1743653282
540,ingeniero jacobacci,-41.3427,-69.5448,39.07,80,2,9.95,AR,1743653284
541,puerto santa,-8.9906,-78.6456,69.08,84,81,5.79,PE,1743653285
542,suoyarvi,62.0833,32.35,31.8,94,94,3.09,RU,1743653286
543,lumphat,13.4878,106.9816,93.99,35,84,8.86,KH,1743653287
544,matehuala,23.65,-100.65,71.64,9,83,13.27,MX,1743653288
545,kincardine,56.0667,-3.7167,39.47,88,0,4.9,GB,1743653289
546,vyaz'ma,55.2104,34.2951,39.88,90,91,7.16,RU,1743653291
547,zhalantun,48.0,122.7167,54.09,29,57,15.75,CN,1743653292
548,katsuura,35.1333,140.3,50.52,89,100,19.6,JP,1743653293
549,kamwenge,0.1866,30.4539,60.91,97,84,0.29,UG,1743653294
550,panchagarh,26.3313,88.562,89.98,22,0,9.28,BD,1743653295
551,kirkwall,58.9848,-2.9587,39.25,93,0,0.0,GB,1743653296
552,aral,40.5156,81.2636,61.2,15,0,7.61,CN,1743653297
553,chinde,26.8212,87.7095,89.06,15,1,6.98,NP,1743653300
554,nadi,-17.8,177.4167,84.2,74,40,4.61,FJ,1743653301
555,wolnzach,48.6038,11.6257,44.8,81,40,4.61,DE,1743653302
556,linyi,35.0631,118.3428,63.05,29,81,8.93,CN,1743653257
557,yanykurgan,43.915,67.2481,65.14,32,33,4.5,KZ,1743653305
